user_id,monthly_income,total_savings,expected_contribution,family_members,married_children,unmarried_children,youngest_unmarried_age,ages_of_unmarried,priority_bridal_dress,priority_groom_dress,priority_furniture,priority_electronics,priority_jewelry,priority_kitchen_items,priority_decoration,priority_miscellaneous,estimated_budget,actual_spent,responsibility_score,category_breakdown
USR-001,270000,830000,0,10,1,1,22,[22],Medium,High,Medium,Low,Medium,Low,High,Low,630800,561592,0.95,"{""bridal_dress"": 97546, ""groom_dress"": 78037, ""furniture"": 130061, ""electronics"": 78037, ""jewelry"": 130061, ""kitchen_items"": 62429, ""decoration"": 39018, ""miscellaneous"": 15607}"
USR-002,155000,1590000,100000,10,2,4,13,"[25, 23, 16, 13]",Medium,High,High,High,Low,Medium,Low,Low,422000,531186,0.5,"{""bridal_dress"": 61218, ""groom_dress"": 48974, ""furniture"": 97949, ""electronics"": 73462, ""jewelry"": 65299, ""kitchen_items"": 48974, ""decoration"": 16324, ""miscellaneous"": 9794}"
USR-003,240000,790000,50000,4,0,2,17,"[27, 17]",Medium,High,High,Medium,Medium,Medium,High,Medium,511500,582745,0.75,"{""bridal_dress"": 71705, ""groom_dress"": 57364, ""furniture"": 114728, ""electronics"": 71705, ""jewelry"": 95607, ""kitchen_items"": 57364, ""decoration"": 28682, ""miscellaneous"": 14341}"
USR-004,70000,1370000,0,6,1,4,12,"[18, 18, 17, 12]",Low,Low,Medium,High,Medium,High,Medium,Low,168000,176896,0.5,"{""bridal_dress"": 20200, ""groom_dress"": 13466, ""furniture"": 33667, ""electronics"": 30300, ""jewelry"": 33667, ""kitchen_items"": 24240, ""decoration"": 8416, ""miscellaneous"": 4040}"
USR-005,280000,720000,0,11,1,2,16,"[17, 16]",High,Medium,High,High,Medium,Low,High,Medium,432000,559739,0.75,"{""bridal_dress"": 71602, ""groom_dress"": 39779, ""furniture"": 95469, ""electronics"": 71602, ""jewelry"": 79558, ""kitchen_items"": 38187, ""decoration"": 23867, ""miscellaneous"": 11933}"
USR-006,130000,1920000,0,8,2,2,16,"[16, 16]",Low,Medium,High,Low,High,Medium,Low,Low,468000,567342,0.75,"{""bridal_dress"": 55936, ""groom_dress"": 46613, ""furniture"": 111872, ""electronics"": 55936, ""jewelry"": 111872, ""kitchen_items"": 55936, ""decoration"": 18645, ""miscellaneous"": 11187}"
USR-007,165000,1770000,200000,4,2,1,18,[18],Medium,High,High,Low,Medium,Low,High,Medium,942400,1205690,0.95,"{""bridal_dress"": 139133, ""groom_dress"": 111307, ""furniture"": 222614, ""electronics"": 111307, ""jewelry"": 185511, ""kitchen_items"": 89045, ""decoration"": 55653, ""miscellaneous"": 27826}"
USR-008,205000,1120000,0,12,2,2,18,"[18, 18]",Medium,High,Medium,Low,Low,Medium,High,High,716799,610598,0.8,"{""bridal_dress"": 111304, ""groom_dress"": 89043, ""furniture"": 148405, ""electronics"": 89043, ""jewelry"": 118724, ""kitchen_items"": 89043, ""decoration"": 44521, ""miscellaneous"": 26713}"
USR-009,225000,1460000,0,10,0,2,25,"[26, 25]",Low,Medium,Medium,Medium,Low,Low,Medium,Medium,918000,778040,0.85,"{""bridal_dress"": 121589, ""groom_dress"": 101324, ""furniture"": 202649, ""electronics"": 151986, ""jewelry"": 162119, ""kitchen_items"": 97271, ""decoration"": 50662, ""miscellaneous"": 30397}"
USR-010,295000,1660000,50000,9,3,4,14,"[27, 21, 18, 14]",High,Low,Medium,Low,Low,Low,High,Medium,689000,715048,0.5,"{""bridal_dress"": 133930, ""groom_dress"": 59524, ""furniture"": 148812, ""electronics"": 89287, ""jewelry"": 119049, ""kitchen_items"": 71429, ""decoration"": 44643, ""miscellaneous"": 22321}"
USR-011,110000,1020000,0,4,2,1,28,[28],Medium,Medium,High,Medium,Low,High,Low,Low,528000,427338,1.0,"{""bridal_dress"": 78571, ""groom_dress"": 52380, ""furniture"": 125714, ""electronics"": 78571, ""jewelry"": 83809, ""kitchen_items"": 75428, ""decoration"": 20952, ""miscellaneous"": 12571}"
USR-012,140000,870000,0,12,2,1,18,[18],High,Low,Low,High,Low,Medium,High,High,638400,599180,0.95,"{""bridal_dress"": 117737, ""groom_dress"": 52327, ""furniture"": 104655, ""electronics"": 117737, ""jewelry"": 104655, ""kitchen_items"": 78491, ""decoration"": 39245, ""miscellaneous"": 23547}"
USR-013,265000,1140000,100000,9,2,1,25,[25],High,Medium,Medium,Low,High,Low,Medium,High,1012000,1181843,1.0,"{""bridal_dress"": 178238, ""groom_dress"": 99021, ""furniture"": 198043, ""electronics"": 118825, ""jewelry"": 237651, ""kitchen_items"": 95060, ""decoration"": 49510, ""miscellaneous"": 35647}"
USR-014,290000,1790000,0,8,3,3,13,"[26, 22, 13]",Low,High,High,High,Medium,Medium,Medium,Low,835200,795617,0.6,"{""bridal_dress"": 95089, ""groom_dress"": 95089, ""furniture"": 190178, ""electronics"": 142633, ""jewelry"": 158481, ""kitchen_items"": 95089, ""decoration"": 39620, ""miscellaneous"": 19017}"
USR-015,155000,820000,0,6,0,4,19,"[28, 23, 21, 19]",Medium,High,High,High,Medium,Medium,High,High,328000,310821,0.5,"{""bridal_dress"": 44484, ""groom_dress"": 35587, ""furniture"": 71175, ""electronics"": 53381, ""jewelry"": 59312, ""kitchen_items"": 35587, ""decoration"": 17793, ""miscellaneous"": 10676}"
USR-016,85000,780000,0,8,3,4,14,"[28, 26, 19, 14]",Low,High,Low,Medium,Low,Low,Medium,High,204000,258403,0.5,"{""bridal_dress"": 27443, ""groom_dress"": 27443, ""furniture"": 36591, ""electronics"": 34304, ""jewelry"": 36591, ""kitchen_items"": 21955, ""decoration"": 11434, ""miscellaneous"": 8233}"
USR-017,175000,220000,0,7,3,3,10,"[21, 20, 10]",Medium,Low,Low,Low,High,High,High,Low,105600,136862,0.6,"{""bridal_dress"": 16196, ""groom_dress"": 8638, ""furniture"": 17276, ""electronics"": 12957, ""jewelry"": 25914, ""kitchen_items"": 15548, ""decoration"": 6478, ""miscellaneous"": 2591}"
USR-018,75000,100000,50000,12,1,4,13,"[28, 28, 24, 13]",Low,Medium,High,Low,High,High,High,High,65000,56537,0.5,"{""bridal_dress"": 7358, ""groom_dress"": 6132, ""furniture"": 14716, ""electronics"": 7358, ""jewelry"": 14716, ""kitchen_items"": 8830, ""decoration"": 3679, ""miscellaneous"": 2207}"
USR-019,245000,700000,200000,6,1,2,15,"[28, 15]",Low,Low,High,High,Medium,Low,High,Low,570000,475663,0.75,"{""bridal_dress"": 68400, ""groom_dress"": 45600, ""furniture"": 136800, ""electronics"": 102600, ""jewelry"": 114000, ""kitchen_items"": 54720, ""decoration"": 34200, ""miscellaneous"": 13680}"
USR-020,110000,1080000,0,11,3,2,20,"[27, 20]",High,Low,Low,Low,Low,Low,Medium,Medium,422399,537947,0.8,"{""bridal_dress"": 86794, ""groom_dress"": 38575, ""furniture"": 77150, ""electronics"": 57862, ""jewelry"": 77150, ""kitchen_items"": 46290, ""decoration"": 24109, ""miscellaneous"": 14465}"
USR-021,155000,490000,50000,8,3,3,15,"[22, 20, 15]",Low,Low,Low,Low,Medium,Medium,Low,Low,265200,316483,0.6,"{""bridal_dress"": 36833, ""groom_dress"": 24555, ""furniture"": 49111, ""electronics"": 36833, ""jewelry"": 61388, ""kitchen_items"": 36833, ""decoration"": 12277, ""miscellaneous"": 7366}"
USR-022,120000,1480000,50000,11,1,1,28,[28],Low,High,High,High,High,Low,Low,Low,626000,787864,1.0,"{""bridal_dress"": 70867, ""groom_dress"": 70867, ""furniture"": 141735, ""electronics"": 106301, ""jewelry"": 141735, ""kitchen_items"": 56694, ""decoration"": 23622, ""miscellaneous"": 14173}"
USR-023,280000,160000,0,9,2,4,11,"[14, 12, 11, 11]",High,High,Medium,High,Medium,Low,Medium,Low,64000,77249,0.5,"{""bridal_dress"": 10971, ""groom_dress"": 7314, ""furniture"": 12190, ""electronics"": 10971, ""jewelry"": 12190, ""kitchen_items"": 5851, ""decoration"": 3047, ""miscellaneous"": 1462}"
USR-024,190000,320000,0,7,3,2,11,"[19, 11]",Low,High,Medium,High,High,Low,Low,Low,192000,234564,0.75,"{""bridal_dress"": 22588, ""groom_dress"": 22588, ""furniture"": 37647, ""electronics"": 33882, ""jewelry"": 45176, ""kitchen_items"": 18070, ""decoration"": 7529, ""miscellaneous"": 4517}"
USR-025,125000,1010000,200000,10,2,4,24,"[28, 28, 26, 24]",High,High,Low,Medium,Medium,Low,High,Medium,440000,451745,0.55,"{""bridal_dress"": 79518, ""groom_dress"": 53012, ""furniture"": 70682, ""electronics"": 66265, ""jewelry"": 88353, ""kitchen_items"": 42409, ""decoration"": 26506, ""miscellaneous"": 13253}"
USR-026,265000,410000,0,6,0,3,13,"[21, 17, 13]",Low,Medium,High,Low,High,High,Medium,Medium,196800,180351,0.6,"{""bridal_dress"": 22620, ""groom_dress"": 18850, ""furniture"": 45241, ""electronics"": 22620, ""jewelry"": 45241, ""kitchen_items"": 27144, ""decoration"": 9425, ""miscellaneous"": 5655}"
USR-027,220000,1490000,150000,12,2,3,24,"[27, 25, 24]",Low,High,Low,Medium,Low,Medium,Medium,Low,844200,1063719,0.7,"{""bridal_dress"": 112061, ""groom_dress"": 112061, ""furniture"": 149415, ""electronics"": 140077, ""jewelry"": 149415, ""kitchen_items"": 112061, ""decoration"": 46692, ""miscellaneous"": 22412}"
USR-028,270000,240000,0,4,1,1,16,[16],Low,Low,Low,Medium,Low,High,High,Low,172800,208079,0.9,"{""bridal_dress"": 23091, ""groom_dress"": 15394, ""furniture"": 30788, ""electronics"": 28864, ""jewelry"": 30788, ""kitchen_items"": 27709, ""decoration"": 11545, ""miscellaneous"": 4618}"
USR-029,300000,950000,0,10,3,3,12,"[28, 22, 12]",Low,Medium,Low,Medium,Medium,Low,Low,Medium,456000,474667,0.6,"{""bridal_dress"": 61071, ""groom_dress"": 50892, ""furniture"": 81428, ""electronics"": 76339, ""jewelry"": 101785, ""kitchen_items"": 48857, ""decoration"": 20357, ""miscellaneous"": 15267}"
USR-030,160000,200000,0,10,1,3,15,"[22, 17, 15]",Medium,Medium,Low,High,High,Medium,Low,Medium,96000,121665,0.6,"{""bridal_dress"": 14117, ""groom_dress"": 9411, ""furniture"": 15058, ""electronics"": 16941, ""jewelry"": 22588, ""kitchen_items"": 11294, ""decoration"": 3764, ""miscellaneous"": 2823}"
USR-031,105000,1060000,0,8,0,1,18,[18],Low,High,High,Medium,High,Low,Low,Low,478800,407598,0.95,"{""bridal_dress"": 55782, ""groom_dress"": 55782, ""furniture"": 111565, ""electronics"": 69728, ""jewelry"": 111565, ""kitchen_items"": 44626, ""decoration"": 18594, ""miscellaneous"": 11156}"
USR-032,145000,780000,200000,10,2,4,16,"[26, 25, 25, 16]",High,Medium,High,High,High,High,High,Low,412000,301102,0.5,"{""bridal_dress"": 63493, ""groom_dress"": 35273, ""furniture"": 84657, ""electronics"": 63493, ""jewelry"": 84657, ""kitchen_items"": 50794, ""decoration"": 21164, ""miscellaneous"": 8465}"
USR-033,100000,1700000,0,11,0,4,13,"[20, 17, 16, 13]",Low,Low,Low,High,Medium,Low,High,High,240000,285316,0.5,"{""bridal_dress"": 30901, ""groom_dress"": 20600, ""furniture"": 41201, ""electronics"": 46351, ""jewelry"": 51502, ""kitchen_items"": 24721, ""decoration"": 15450, ""miscellaneous"": 9270}"
USR-034,270000,900000,0,12,2,4,10,"[25, 22, 12, 10]",Low,Medium,Medium,Low,Medium,Low,High,Low,360000,254394,0.5,"{""bridal_dress"": 46956, ""groom_dress"": 39130, ""furniture"": 78260, ""electronics"": 46956, ""jewelry"": 78260, ""kitchen_items"": 37565, ""decoration"": 23478, ""miscellaneous"": 9391}"
USR-035,85000,1800000,0,7,1,2,20,"[28, 20]",High,Low,Low,Medium,Medium,High,High,Medium,326400,380566,0.8,"{""bridal_dress"": 58517, ""groom_dress"": 26007, ""furniture"": 52015, ""electronics"": 48764, ""jewelry"": 65019, ""kitchen_items"": 46814, ""decoration"": 19505, ""miscellaneous"": 9752}"
USR-036,50000,1660000,200000,11,1,2,19,"[22, 19]",High,High,High,High,Medium,Low,Low,High,351999,248034,0.8,"{""bridal_dress"": 58021, ""groom_dress"": 38681, ""furniture"": 77362, ""electronics"": 58021, ""jewelry"": 64468, ""kitchen_items"": 30944, ""decoration"": 12893, ""miscellaneous"": 11604}"
USR-037,145000,1320000,100000,7,2,4,16,"[25, 21, 19, 16]",Low,Low,High,Medium,High,High,Low,Medium,398000,339568,0.5,"{""bridal_dress"": 45747, ""groom_dress"": 30498, ""furniture"": 91494, ""electronics"": 57183, ""jewelry"": 91494, ""kitchen_items"": 54896, ""decoration"": 15249, ""miscellaneous"": 11436}"
USR-038,130000,1650000,0,8,1,4,21,"[27, 27, 24, 21]",High,Low,Low,Medium,High,High,High,High,312000,319175,0.5,"{""bridal_dress"": 53485, ""groom_dress"": 23771, ""furniture"": 47542, ""electronics"": 44571, ""jewelry"": 71314, ""kitchen_items"": 42788, ""decoration"": 17828, ""miscellaneous"": 10697}"
USR-039,230000,1860000,150000,9,3,2,19,"[24, 19]",High,Low,High,Medium,Medium,Low,Low,Medium,1003199,748307,0.8,"{""bridal_dress"": 177732, ""groom_dress"": 78992, ""furniture"": 236976, ""electronics"": 148110, ""jewelry"": 197480, ""kitchen_items"": 94790, ""decoration"": 39496, ""miscellaneous"": 29622}"
USR-040,100000,1900000,0,5,1,1,21,[21],Medium,Medium,High,Low,High,Low,High,Low,456000,330038,0.95,"{""bridal_dress"": 66407, ""groom_dress"": 44271, ""furniture"": 106252, ""electronics"": 53126, ""jewelry"": 106252, ""kitchen_items"": 42500, ""decoration"": 26563, ""miscellaneous"": 10625}"
USR-041,295000,900000,200000,11,2,2,18,"[20, 18]",High,Low,Low,Medium,Low,Medium,High,Low,735999,866636,0.8,"{""bridal_dress"": 141841, ""groom_dress"": 63040, ""furniture"": 126081, ""electronics"": 118201, ""jewelry"": 126081, ""kitchen_items"": 94560, ""decoration"": 47280, ""miscellaneous"": 18912}"
USR-042,240000,720000,200000,11,3,1,27,[27],Low,High,Medium,Medium,Low,Medium,Medium,Medium,776000,784732,1.0,"{""bridal_dress"": 98021, ""groom_dress"": 98021, ""furniture"": 163368, ""electronics"": 122526, ""jewelry"": 130694, ""kitchen_items"": 98021, ""decoration"": 40842, ""miscellaneous"": 24505}"
USR-043,190000,1880000,0,11,0,3,11,"[14, 12, 11]",Low,High,Medium,High,Medium,Low,Low,Medium,547200,597697,0.6,"{""bridal_dress"": 66596, ""groom_dress"": 66596, ""furniture"": 110993, ""electronics"": 99894, ""jewelry"": 110993, ""kitchen_items"": 53277, ""decoration"": 22198, ""miscellaneous"": 16649}"
USR-044,285000,1970000,0,8,2,1,21,[21],High,High,Medium,High,High,Medium,Medium,High,1299600,1453515,0.95,"{""bridal_dress"": 207751, ""groom_dress"": 138500, ""furniture"": 230834, ""electronics"": 207751, ""jewelry"": 277001, ""kitchen_items"": 138500, ""decoration"": 57708, ""miscellaneous"": 41550}"
USR-045,135000,300000,0,7,3,1,10,[10],Medium,Low,Medium,High,High,Low,Low,Medium,216000,278913,0.9,"{""bridal_dress"": 31889, ""groom_dress"": 17007, ""furniture"": 42519, ""electronics"": 38267, ""jewelry"": 51023, ""kitchen_items"": 20409, ""decoration"": 8503, ""miscellaneous"": 6377}"
USR-046,195000,1960000,0,11,3,4,20,"[25, 21, 20, 20]",Medium,Medium,Low,Medium,Low,Low,Medium,Low,468000,488681,0.5,"{""bridal_dress"": 78876, ""groom_dress"": 52584, ""furniture"": 84134, ""electronics"": 78876, ""jewelry"": 84134, ""kitchen_items"": 50480, ""decoration"": 26292, ""miscellaneous"": 12620}"
USR-047,40000,150000,50000,7,2,2,17,"[23, 17]",High,Medium,High,Low,Low,Low,Low,Medium,127500,90026,0.75,"{""bridal_dress"": 23757, ""groom_dress"": 13198, ""furniture"": 31677, ""electronics"": 15838, ""jewelry"": 21118, ""kitchen_items"": 12670, ""decoration"": 5279, ""miscellaneous"": 3959}"
USR-048,185000,1630000,0,11,3,3,10,"[14, 13, 10]",High,Low,Low,Low,High,High,High,Medium,532800,519219,0.6,"{""bridal_dress"": 94579, ""groom_dress"": 42035, ""furniture"": 84071, ""electronics"": 63053, ""jewelry"": 126106, ""kitchen_items"": 75663, ""decoration"": 31526, ""miscellaneous"": 15763}"
USR-049,45000,690000,200000,10,3,4,10,"[18, 16, 14, 10]",High,Low,Medium,High,Medium,High,High,Medium,208000,145906,0.5,"{""bridal_dress"": 34860, ""groom_dress"": 15493, ""furniture"": 38733, ""electronics"": 34860, ""jewelry"": 38733, ""kitchen_items"": 27888, ""decoration"": 11620, ""miscellaneous"": 5810}"
USR-050,220000,520000,0,12,0,1,21,[21],High,Medium,Low,High,High,High,Low,High,395200,510588,0.95,"{""bridal_dress"": 65866, ""groom_dress"": 36592, ""furniture"": 58548, ""electronics"": 65866, ""jewelry"": 87822, ""kitchen_items"": 52693, ""decoration"": 14637, ""miscellaneous"": 13173}"
USR-051,170000,680000,150000,9,3,4,12,"[27, 22, 13, 12]",Low,High,Medium,Medium,Medium,Low,Low,Low,347000,376135,0.5,"{""bridal_dress"": 43831, ""groom_dress"": 43831, ""furniture"": 73052, ""electronics"": 54789, ""jewelry"": 73052, ""kitchen_items"": 35065, ""decoration"": 14610, ""miscellaneous"": 8766}"
USR-052,50000,1660000,0,8,1,3,14,"[25, 19, 14]",Low,High,High,Medium,Low,High,High,High,144000,174512,0.6,"{""bridal_dress"": 16776, ""groom_dress"": 16776, ""furniture"": 33553, ""electronics"": 20970, ""jewelry"": 22368, ""kitchen_items"": 20132, ""decoration"": 8388, ""miscellaneous"": 5033}"
USR-053,155000,1130000,100000,5,2,1,26,[26],Low,High,Medium,High,Low,High,Low,Low,844000,888940,1.0,"{""bridal_dress"": 102510, ""groom_dress"": 102510, ""furniture"": 170850, ""electronics"": 153765, ""jewelry"": 136680, ""kitchen_items"": 123012, ""decoration"": 34170, ""miscellaneous"": 20502}"
USR-054,80000,1730000,0,11,0,3,17,"[22, 17, 17]",Low,Low,Medium,Medium,High,High,Medium,High,230400,247666,0.6,"{""bridal_dress"": 27105, ""groom_dress"": 18070, ""furniture"": 45176, ""electronics"": 33882, ""jewelry"": 54211, ""kitchen_items"": 32527, ""decoration"": 11294, ""miscellaneous"": 8131}"
USR-055,135000,930000,100000,7,1,2,26,"[26, 26]",High,Low,High,Low,Low,Low,Low,High,635800,533852,0.85,"{""bridal_dress"": 120214, ""groom_dress"": 53428, ""furniture"": 160285, ""electronics"": 80142, ""jewelry"": 106857, ""kitchen_items"": 64114, ""decoration"": 26714, ""miscellaneous"": 24042}"
USR-056,130000,1790000,0,5,1,3,16,"[21, 18, 16]",High,Low,Low,Medium,Low,Low,High,High,374400,299262,0.6,"{""bridal_dress"": 73093, ""groom_dress"": 32485, ""furniture"": 64971, ""electronics"": 60911, ""jewelry"": 64971, ""kitchen_items"": 38983, ""decoration"": 24364, ""miscellaneous"": 14618}"
USR-057,100000,540000,0,5,0,3,12,"[15, 13, 12]",Medium,Low,Low,Medium,Medium,Medium,Medium,Medium,259200,311740,0.6,"{""bridal_dress"": 41361, ""groom_dress"": 22059, ""furniture"": 44119, ""electronics"": 41361, ""jewelry"": 55148, ""kitchen_items"": 33089, ""decoration"": 13787, ""miscellaneous"": 8272}"
USR-058,50000,780000,50000,12,1,1,18,[18],Low,High,Low,High,High,High,High,Low,275500,335481,0.95,"{""bridal_dress"": 31545, ""groom_dress"": 31545, ""furniture"": 42061, ""electronics"": 47318, ""jewelry"": 63091, ""kitchen_items"": 37854, ""decoration"": 15772, ""miscellaneous"": 6309}"
USR-059,140000,960000,0,12,2,3,12,"[27, 14, 12]",Medium,Low,Low,High,High,High,Medium,Medium,403200,337733,0.6,"{""bridal_dress"": 58491, ""groom_dress"": 31195, ""furniture"": 62390, ""electronics"": 70189, ""jewelry"": 93586, ""kitchen_items"": 56151, ""decoration"": 19497, ""miscellaneous"": 11698}"
USR-060,280000,1160000,100000,5,3,1,21,[21],High,Medium,Low,Low,Medium,Medium,Medium,Medium,976600,754699,0.95,"{""bridal_dress"": 183112, ""groom_dress"": 101729, ""furniture"": 162766, ""electronics"": 122074, ""jewelry"": 203458, ""kitchen_items"": 122074, ""decoration"": 50864, ""miscellaneous"": 30518}"
USR-061,220000,260000,100000,8,1,2,21,"[28, 21]",Medium,Low,Medium,High,Medium,High,Medium,High,246399,227534,0.8,"{""bridal_dress"": 35538, ""groom_dress"": 18953, ""furniture"": 47384, ""electronics"": 42645, ""jewelry"": 47384, ""kitchen_items"": 34116, ""decoration"": 11846, ""miscellaneous"": 8529}"
USR-062,165000,1620000,50000,9,0,1,22,[22],High,Low,Low,High,High,Low,Medium,Low,799900,1015314,0.95,"{""bridal_dress"": 142556, ""groom_dress"": 63358, ""furniture"": 126716, ""electronics"": 142556, ""jewelry"": 190075, ""kitchen_items"": 76030, ""decoration"": 39599, ""miscellaneous"": 19007}"
USR-063,155000,930000,0,12,1,1,14,[14],Low,High,High,Low,Medium,Low,Low,High,669600,705213,0.9,"{""bridal_dress"": 82666, ""groom_dress"": 82666, ""furniture"": 165333, ""electronics"": 82666, ""jewelry"": 137777, ""kitchen_items"": 66133, ""decoration"": 27555, ""miscellaneous"": 24800}"
USR-064,240000,720000,50000,8,1,2,16,"[25, 16]",Medium,High,Low,High,Low,Medium,Medium,Medium,469500,482504,0.75,"{""bridal_dress"": 72603, ""groom_dress"": 58082, ""furniture"": 77443, ""electronics"": 87123, ""jewelry"": 77443, ""kitchen_items"": 58082, ""decoration"": 24201, ""miscellaneous"": 14520}"
USR-065,285000,1880000,0,11,3,3,19,"[23, 22, 19]",Medium,High,Low,High,Medium,High,Low,Low,889199,1133013,0.65,"{""bridal_dress"": 131021, ""groom_dress"": 104817, ""furniture"": 139756, ""electronics"": 157225, ""jewelry"": 174695, ""kitchen_items"": 125780, ""decoration"": 34939, ""miscellaneous"": 20963}"
USR-066,255000,1760000,0,10,2,2,10,"[17, 10]",High,High,Medium,Medium,Low,High,High,Medium,918000,1179830,0.75,"{""bridal_dress"": 158275, ""groom_dress"": 105517, ""furniture"": 175862, ""electronics"": 131896, ""jewelry"": 140689, ""kitchen_items"": 126620, ""decoration"": 52758, ""miscellaneous"": 26379}"
USR-067,285000,1100000,150000,4,1,1,17,[17],High,Medium,Medium,Medium,Medium,Medium,Low,Low,927000,1101618,0.9,"{""bridal_dress"": 164556, ""groom_dress"": 91420, ""furniture"": 182840, ""electronics"": 137130, ""jewelry"": 182840, ""kitchen_items"": 109704, ""decoration"": 36568, ""miscellaneous"": 21940}"
USR-068,225000,290000,0,7,2,4,18,"[28, 25, 19, 18]",High,Low,High,Low,Medium,High,Low,High,116000,130410,0.5,"{""bridal_dress"": 20076, ""groom_dress"": 8923, ""furniture"": 26769, ""electronics"": 13384, ""jewelry"": 22307, ""kitchen_items"": 16061, ""decoration"": 4461, ""miscellaneous"": 4015}"
USR-069,150000,530000,50000,6,1,3,10,"[27, 11, 10]",Medium,High,High,Low,Low,High,Low,Medium,284400,355701,0.6,"{""bridal_dress"": 42490, ""groom_dress"": 33992, ""furniture"": 67984, ""electronics"": 33992, ""jewelry"": 45322, ""kitchen_items"": 40790, ""decoration"": 11330, ""miscellaneous"": 8498}"
USR-070,170000,1370000,150000,6,0,1,22,[22],Low,Medium,Medium,High,Medium,Low,Low,Medium,917700,956911,0.95,"{""bridal_dress"": 114000, ""groom_dress"": 95000, ""furniture"": 190000, ""electronics"": 171000, ""jewelry"": 190000, ""kitchen_items"": 91200, ""decoration"": 38000, ""miscellaneous"": 28500}"
USR-071,275000,1760000,150000,7,2,3,14,"[27, 24, 14]",Medium,Medium,Low,High,Medium,Medium,High,Medium,882000,722819,0.6,"{""bridal_dress"": 132300, ""groom_dress"": 88200, ""furniture"": 141120, ""electronics"": 158760, ""jewelry"": 176400, ""kitchen_items"": 105840, ""decoration"": 52920, ""miscellaneous"": 26460}"
USR-072,130000,1920000,50000,5,0,1,17,[17],Medium,Medium,High,Medium,High,High,Medium,Low,606600,480572,0.9,"{""bridal_dress"": 82868, ""groom_dress"": 55245, ""furniture"": 132590, ""electronics"": 82868, ""jewelry"": 132590, ""kitchen_items"": 79554, ""decoration"": 27622, ""miscellaneous"": 13259}"
USR-073,165000,920000,150000,6,1,4,12,"[23, 21, 16, 12]",Low,Low,Medium,High,Medium,Low,Low,Low,443000,414618,0.5,"{""bridal_dress"": 56553, ""groom_dress"": 37702, ""furniture"": 94255, ""electronics"": 84829, ""jewelry"": 94255, ""kitchen_items"": 45242, ""decoration"": 18851, ""miscellaneous"": 11310}"
USR-074,160000,1460000,50000,8,3,2,14,"[20, 14]",Low,Medium,High,Low,Medium,Medium,Low,High,613500,715018,0.75,"{""bridal_dress"": 75430, ""groom_dress"": 62858, ""furniture"": 150860, ""electronics"": 75430, ""jewelry"": 125717, ""kitchen_items"": 75430, ""decoration"": 25143, ""miscellaneous"": 22629}"
USR-075,135000,140000,100000,9,0,1,12,[12],High,High,Medium,Medium,Low,Medium,Medium,Low,190800,160199,0.9,"{""bridal_dress"": 34207, ""groom_dress"": 22804, ""furniture"": 38007, ""electronics"": 28505, ""jewelry"": 30406, ""kitchen_items"": 22804, ""decoration"": 9501, ""miscellaneous"": 4560}"
USR-076,85000,730000,0,10,1,1,11,[11],High,Medium,High,Medium,High,Low,Medium,High,367200,465211,0.9,"{""bridal_dress"": 60527, ""groom_dress"": 33626, ""furniture"": 80703, ""electronics"": 50439, ""jewelry"": 80703, ""kitchen_items"": 32281, ""decoration"": 16813, ""miscellaneous"": 12105}"
USR-077,65000,830000,200000,12,1,1,16,[16],Low,Medium,High,Low,Medium,High,Low,Low,460800,548600,0.9,"{""bridal_dress"": 55967, ""groom_dress"": 46639, ""furniture"": 111935, ""electronics"": 55967, ""jewelry"": 93279, ""kitchen_items"": 67161, ""decoration"": 18655, ""miscellaneous"": 11193}"
USR-078,280000,1460000,0,11,1,1,23,[23],Medium,Medium,High,Medium,High,Low,Low,High,1168000,1163390,1.0,"{""bridal_dress"": 166539, ""groom_dress"": 111026, ""furniture"": 266463, ""electronics"": 166539, ""jewelry"": 266463, ""kitchen_items"": 106585, ""decoration"": 44410, ""miscellaneous"": 39969}"
USR-079,210000,1950000,100000,7,3,1,26,[26],Medium,High,High,Medium,High,Medium,Medium,High,1108000,900406,1.0,"{""bridal_dress"": 150271, ""groom_dress"": 120216, ""furniture"": 240433, ""electronics"": 150271, ""jewelry"": 240433, ""kitchen_items"": 120216, ""decoration"": 50090, ""miscellaneous"": 36065}"
USR-080,285000,900000,0,5,2,2,17,"[20, 17]",Low,High,Medium,Low,Low,Medium,Medium,Low,540000,674765,0.75,"{""bridal_dress"": 70897, ""groom_dress"": 70897, ""furniture"": 118161, ""electronics"": 70897, ""jewelry"": 94529, ""kitchen_items"": 70897, ""decoration"": 29540, ""miscellaneous"": 14179}"
USR-081,125000,1260000,50000,11,1,1,12,[12],Medium,Medium,Low,Medium,Medium,Low,Low,High,585000,664333,0.9,"{""bridal_dress"": 94152, ""groom_dress"": 62768, ""furniture"": 100429, ""electronics"": 94152, ""jewelry"": 125536, ""kitchen_items"": 60257, ""decoration"": 25107, ""miscellaneous"": 22596}"
USR-082,280000,290000,100000,7,3,2,21,"[25, 21]",Low,High,Medium,Medium,High,Medium,Low,Medium,265600,281935,0.8,"{""bridal_dress"": 31247, ""groom_dress"": 31247, ""furniture"": 52078, ""electronics"": 39058, ""jewelry"": 62494, ""kitchen_items"": 31247, ""decoration"": 10415, ""miscellaneous"": 7811}"
USR-083,245000,1350000,150000,11,2,3,14,"[28, 21, 14]",Low,Medium,Medium,Medium,Low,High,Low,Medium,738000,946315,0.6,"{""bridal_dress"": 93813, ""groom_dress"": 78177, ""furniture"": 156355, ""electronics"": 117266, ""jewelry"": 125084, ""kitchen_items"": 112576, ""decoration"": 31271, ""miscellaneous"": 23453}"
USR-084,175000,300000,50000,7,1,1,21,[21],Low,Medium,Low,High,Medium,High,Low,Medium,275500,306820,0.95,"{""bridal_dress"": 33942, ""groom_dress"": 28285, ""furniture"": 45256, ""electronics"": 50913, ""jewelry"": 56570, ""kitchen_items"": 40731, ""decoration"": 11314, ""miscellaneous"": 8485}"
USR-085,295000,700000,0,10,0,4,11,"[20, 16, 12, 11]",Low,High,Low,High,Low,Low,Low,High,280000,342551,0.5,"{""bridal_dress"": 36842, ""groom_dress"": 36842, ""furniture"": 49122, ""electronics"": 55263, ""jewelry"": 49122, ""kitchen_items"": 29473, ""decoration"": 12280, ""miscellaneous"": 11052}"
USR-086,180000,790000,200000,4,1,2,17,"[21, 17]",Low,Medium,High,Low,Low,Medium,High,Medium,624000,681557,0.75,"{""bridal_dress"": 78821, ""groom_dress"": 65684, ""furniture"": 157642, ""electronics"": 78821, ""jewelry"": 105094, ""kitchen_items"": 78821, ""decoration"": 39410, ""miscellaneous"": 19705}"
USR-087,140000,900000,200000,8,1,2,10,"[23, 10]",Low,Low,High,Low,High,Medium,Medium,High,654000,573863,0.75,"{""bridal_dress"": 78011, ""groom_dress"": 52007, ""furniture"": 156023, ""electronics"": 78011, ""jewelry"": 156023, ""kitchen_items"": 78011, ""decoration"": 32504, ""miscellaneous"": 23403}"
USR-088,55000,1940000,50000,10,1,4,18,"[25, 25, 24, 18]",Medium,High,Medium,High,Low,Medium,Medium,Medium,157000,159084,0.5,"{""bridal_dress"": 23316, ""groom_dress"": 18653, ""furniture"": 31089, ""electronics"": 27980, ""jewelry"": 24871, ""kitchen_items"": 18653, ""decoration"": 7772, ""miscellaneous"": 4663}"
USR-089,170000,910000,150000,12,0,1,26,[26],High,High,High,Low,Low,Medium,Medium,High,878000,1070092,1.0,"{""bridal_dress"": 154035, ""groom_dress"": 102690, ""furniture"": 205380, ""electronics"": 102690, ""jewelry"": 136920, ""kitchen_items"": 102690, ""decoration"": 42787, ""miscellaneous"": 30807}"
USR-090,150000,880000,200000,4,2,1,16,[16],Low,High,Low,Medium,High,Medium,High,High,813600,975340,0.9,"{""bridal_dress"": 97049, ""groom_dress"": 97049, ""furniture"": 129399, ""electronics"": 121312, ""jewelry"": 194099, ""kitchen_items"": 97049, ""decoration"": 48524, ""miscellaneous"": 29114}"
USR-091,120000,290000,100000,10,0,1,14,[14],High,High,Medium,Medium,High,Medium,High,High,298800,218732,0.9,"{""bridal_dress"": 48629, ""groom_dress"": 32419, ""furniture"": 54032, ""electronics"": 40524, ""jewelry"": 64839, ""kitchen_items"": 32419, ""decoration"": 16209, ""miscellaneous"": 9725}"
USR-092,60000,1010000,200000,6,3,2,15,"[21, 15]",High,High,Medium,Low,High,Medium,Medium,Low,366000,381657,0.75,"{""bridal_dress"": 62504, ""groom_dress"": 41669, ""furniture"": 69449, ""electronics"": 41669, ""jewelry"": 83339, ""kitchen_items"": 41669, ""decoration"": 17362, ""miscellaneous"": 8333}"
USR-093,255000,1610000,200000,11,2,1,14,[14],Medium,Low,High,High,Medium,Low,Medium,Low,1281600,1333559,0.9,"{""bridal_dress"": 188470, ""groom_dress"": 100517, ""furniture"": 301552, ""electronics"": 226164, ""jewelry"": 251294, ""kitchen_items"": 120621, ""decoration"": 62823, ""miscellaneous"": 30155}"
USR-094,260000,1170000,0,6,2,1,23,[23],Medium,High,Low,Low,Low,Low,High,Medium,936000,837756,1.0,"{""bridal_dress"": 156696, ""groom_dress"": 125357, ""furniture"": 167142, ""electronics"": 125357, ""jewelry"": 167142, ""kitchen_items"": 100285, ""decoration"": 62678, ""miscellaneous"": 31339}"
USR-095,220000,650000,0,11,0,2,20,"[26, 20]",High,Low,Medium,Medium,Medium,High,Low,Low,415999,531213,0.8,"{""bridal_dress"": 73555, ""groom_dress"": 32691, ""furniture"": 81728, ""electronics"": 61296, ""jewelry"": 81728, ""kitchen_items"": 58844, ""decoration"": 16345, ""miscellaneous"": 9807}"
USR-096,175000,890000,0,5,1,1,14,[14],High,Low,Medium,Medium,High,Medium,Low,Low,640800,516813,0.9,"{""bridal_dress"": 111551, ""groom_dress"": 49578, ""furniture"": 123945, ""electronics"": 92959, ""jewelry"": 148735, ""kitchen_items"": 74367, ""decoration"": 24789, ""miscellaneous"": 14873}"
USR-097,255000,770000,100000,4,0,2,10,"[26, 10]",Low,Medium,Low,High,Medium,Low,High,High,537000,391672,0.75,"{""bridal_dress"": 67689, ""groom_dress"": 56407, ""furniture"": 90252, ""electronics"": 101533, ""jewelry"": 112815, ""kitchen_items"": 54151, ""decoration"": 33844, ""miscellaneous"": 20306}"
USR-098,65000,290000,0,10,2,4,14,"[22, 21, 19, 14]",Medium,Low,High,Low,Low,Low,Low,High,116000,142161,0.5,"{""bridal_dress"": 18872, ""groom_dress"": 10065, ""furniture"": 30195, ""electronics"": 15097, ""jewelry"": 20130, ""kitchen_items"": 12078, ""decoration"": 5032, ""miscellaneous"": 4529}"
USR-099,35000,1050000,100000,8,2,3,18,"[23, 23, 18]",Medium,Low,High,Low,Medium,Low,Medium,High,174199,149419,0.65,"{""bridal_dress"": 26882, ""groom_dress"": 14337, ""furniture"": 43012, ""electronics"": 21506, ""jewelry"": 35843, ""kitchen_items"": 17204, ""decoration"": 8960, ""miscellaneous"": 6451}"
USR-100,230000,1260000,150000,4,1,2,11,"[26, 11]",Medium,Low,Medium,Low,Low,High,Low,Low,868500,848536,0.75,"{""bridal_dress"": 141911, ""groom_dress"": 75686, ""furniture"": 189215, ""electronics"": 113529, ""jewelry"": 151372, ""kitchen_items"": 136235, ""decoration"": 37843, ""miscellaneous"": 22705}"
USR-101,240000,1520000,200000,9,0,2,21,"[26, 21]",Medium,High,High,High,High,Medium,High,Low,1081600,1404966,0.8,"{""bridal_dress"": 143068, ""groom_dress"": 114455, ""furniture"": 228910, ""electronics"": 171682, ""jewelry"": 228910, ""kitchen_items"": 114455, ""decoration"": 57227, ""miscellaneous"": 22891}"
USR-102,195000,920000,50000,11,2,3,13,"[27, 14, 13]",Medium,High,Medium,Low,Medium,Medium,High,Medium,471600,494622,0.6,"{""bridal_dress"": 70740, ""groom_dress"": 56592, ""furniture"": 94320, ""electronics"": 56592, ""jewelry"": 94320, ""kitchen_items"": 56592, ""decoration"": 28296, ""miscellaneous"": 14148}"
USR-103,265000,1190000,0,12,2,4,10,"[27, 15, 11, 10]",Low,High,High,Low,Low,Low,Medium,High,476000,531519,0.5,"{""bridal_dress"": 60636, ""groom_dress"": 60636, ""furniture"": 121273, ""electronics"": 60636, ""jewelry"": 80849, ""kitchen_items"": 48509, ""decoration"": 25265, ""miscellaneous"": 18191}"
USR-104,50000,180000,0,6,2,1,19,[19],High,High,High,Low,High,Medium,Low,Low,136800,104705,0.95,"{""bridal_dress"": 22715, ""groom_dress"": 15143, ""furniture"": 30287, ""electronics"": 15143, ""jewelry"": 30287, ""kitchen_items"": 15143, ""decoration"": 5047, ""miscellaneous"": 3028}"
USR-105,295000,430000,0,12,2,3,14,"[25, 23, 14]",High,Low,Low,High,Medium,High,Medium,Low,206400,174577,0.6,"{""bridal_dress"": 36495, ""groom_dress"": 16220, ""furniture"": 32440, ""electronics"": 36495, ""jewelry"": 40550, ""kitchen_items"": 29196, ""decoration"": 10137, ""miscellaneous"": 4866}"
USR-106,70000,1620000,100000,7,2,3,10,"[23, 14, 10]",High,High,High,Medium,Low,Medium,Medium,Low,261600,225005,0.6,"{""bridal_dress"": 45103, ""groom_dress"": 30068, ""furniture"": 60137, ""electronics"": 37586, ""jewelry"": 40091, ""kitchen_items"": 30068, ""decoration"": 12528, ""miscellaneous"": 6013}"
USR-107,65000,1820000,0,9,0,4,10,"[26, 26, 23, 10]",Medium,Low,Medium,Medium,Medium,Low,High,High,156000,190977,0.5,"{""bridal_dress"": 24074, ""groom_dress"": 12839, ""furniture"": 32098, ""electronics"": 24074, ""jewelry"": 32098, ""kitchen_items"": 15407, ""decoration"": 9629, ""miscellaneous"": 5777}"
USR-108,95000,660000,0,8,2,4,16,"[20, 19, 18, 16]",Medium,Medium,Medium,High,Low,High,Low,Low,228000,240258,0.5,"{""bridal_dress"": 34268, ""groom_dress"": 22845, ""furniture"": 45691, ""electronics"": 41122, ""jewelry"": 36553, ""kitchen_items"": 32897, ""decoration"": 9138, ""miscellaneous"": 5482}"
USR-109,220000,810000,100000,11,1,4,11,"[25, 15, 13, 11]",Medium,Low,Medium,Low,Medium,High,Low,Medium,374000,374609,0.5,"{""bridal_dress"": 58195, ""groom_dress"": 31037, ""furniture"": 77593, ""electronics"": 46556, ""jewelry"": 77593, ""kitchen_items"": 55867, ""decoration"": 15518, ""miscellaneous"": 11639}"
USR-110,280000,340000,200000,11,1,4,11,"[18, 15, 13, 11]",Medium,High,Medium,Low,Medium,Medium,High,Low,236000,178377,0.5,"{""bridal_dress"": 35613, ""groom_dress"": 28490, ""furniture"": 47484, ""electronics"": 28490, ""jewelry"": 47484, ""kitchen_items"": 28490, ""decoration"": 14245, ""miscellaneous"": 5698}"
USR-111,85000,1190000,50000,12,3,4,12,"[26, 23, 19, 12]",High,High,Low,Low,High,Medium,High,Medium,229000,183392,0.5,"{""bridal_dress"": 40019, ""groom_dress"": 26679, ""furniture"": 35572, ""electronics"": 26679, ""jewelry"": 53359, ""kitchen_items"": 26679, ""decoration"": 13339, ""miscellaneous"": 6669}"
USR-112,195000,1360000,150000,10,0,1,13,[13],Low,Medium,High,High,Low,Low,Low,High,977400,1041667,0.9,"{""bridal_dress"": 120666, ""groom_dress"": 100555, ""furniture"": 241333, ""electronics"": 181000, ""jewelry"": 160888, ""kitchen_items"": 96533, ""decoration"": 40222, ""miscellaneous"": 36200}"
USR-113,270000,1450000,0,11,0,3,14,"[24, 16, 14]",High,High,Low,Medium,High,High,Medium,High,696000,722943,0.6,"{""bridal_dress"": 116000, ""groom_dress"": 77333, ""furniture"": 103111, ""electronics"": 96666, ""jewelry"": 154666, ""kitchen_items"": 92799, ""decoration"": 32222, ""miscellaneous"": 23199}"
USR-114,125000,970000,0,8,0,1,19,[19],Medium,Low,Medium,Medium,Low,Medium,High,Low,570000,573485,0.95,"{""bridal_dress"": 90572, ""groom_dress"": 48305, ""furniture"": 120762, ""electronics"": 90572, ""jewelry"": 96610, ""kitchen_items"": 72457, ""decoration"": 36228, ""miscellaneous"": 14491}"
USR-115,275000,300000,0,12,0,4,10,"[25, 17, 11, 10]",High,Low,Low,Medium,Medium,Medium,Medium,High,120000,129457,0.5,"{""bridal_dress"": 22131, ""groom_dress"": 9836, ""furniture"": 19672, ""electronics"": 18442, ""jewelry"": 24590, ""kitchen_items"": 14754, ""decoration"": 6147, ""miscellaneous"": 4426}"
USR-116,105000,670000,0,10,0,4,17,"[28, 27, 19, 17]",Medium,High,High,Low,Medium,Low,Low,Medium,252000,217067,0.5,"{""bridal_dress"": 37951, ""groom_dress"": 30361, ""furniture"": 60722, ""electronics"": 30361, ""jewelry"": 50602, ""kitchen_items"": 24289, ""decoration"": 10120, ""miscellaneous"": 7590}"
USR-117,45000,1030000,150000,12,0,4,11,"[18, 17, 17, 11]",Low,Low,Medium,Medium,Low,Low,Medium,High,183000,222456,0.5,"{""bridal_dress"": 24618, ""groom_dress"": 16412, ""furniture"": 41031, ""electronics"": 30773, ""jewelry"": 32825, ""kitchen_items"": 19695, ""decoration"": 10257, ""miscellaneous"": 7385}"
USR-118,285000,1270000,100000,8,3,1,16,[16],Low,High,Medium,High,Low,Low,Low,High,1004400,830968,0.9,"{""bridal_dress"": 126605, ""groom_dress"": 126605, ""furniture"": 211008, ""electronics"": 189907, ""jewelry"": 168806, ""kitchen_items"": 101284, ""decoration"": 42201, ""miscellaneous"": 37981}"
USR-119,215000,1460000,150000,9,1,2,17,"[25, 17]",High,Low,Medium,High,Medium,Low,Low,Medium,886500,947252,0.75,"{""bridal_dress"": 158618, ""groom_dress"": 70497, ""furniture"": 176242, ""electronics"": 158618, ""jewelry"": 176242, ""kitchen_items"": 84596, ""decoration"": 35248, ""miscellaneous"": 26436}"
USR-120,125000,1180000,0,5,3,1,13,[13],Medium,Medium,High,Low,High,Low,Medium,Low,540000,656441,0.9,"{""bridal_dress"": 79411, ""groom_dress"": 52941, ""furniture"": 127058, ""electronics"": 63529, ""jewelry"": 127058, ""kitchen_items"": 50823, ""decoration"": 26470, ""miscellaneous"": 12705}"
USR-121,120000,560000,200000,7,2,1,13,[13],Low,High,High,High,Medium,Low,High,Low,583200,693141,0.9,"{""bridal_dress"": 67292, ""groom_dress"": 67292, ""furniture"": 134584, ""electronics"": 100938, ""jewelry"": 112153, ""kitchen_items"": 53833, ""decoration"": 33646, ""miscellaneous"": 13458}"
USR-122,115000,1940000,150000,12,0,4,12,"[26, 17, 15, 12]",High,Low,Medium,Low,High,Medium,Low,High,351000,426903,0.5,"{""bridal_dress"": 62185, ""groom_dress"": 27637, ""furniture"": 69094, ""electronics"": 41456, ""jewelry"": 82913, ""kitchen_items"": 41456, ""decoration"": 13818, ""miscellaneous"": 12437}"
USR-123,85000,1720000,0,12,2,4,15,"[17, 17, 17, 15]",Medium,Low,High,Low,High,Low,High,Low,204000,199304,0.5,"{""bridal_dress"": 30297, ""groom_dress"": 16158, ""furniture"": 48475, ""electronics"": 24237, ""jewelry"": 48475, ""kitchen_items"": 19390, ""decoration"": 12118, ""miscellaneous"": 4847}"
USR-124,120000,1750000,0,12,0,1,15,[15],Medium,Low,Medium,Low,Low,Medium,Medium,Medium,518400,408222,0.9,"{""bridal_dress"": 85450, ""groom_dress"": 45573, ""furniture"": 113934, ""electronics"": 68360, ""jewelry"": 91147, ""kitchen_items"": 68360, ""decoration"": 28483, ""miscellaneous"": 17090}"
USR-125,115000,1840000,150000,8,2,3,16,"[24, 18, 16]",Low,High,Low,Low,Medium,High,Medium,High,421200,338180,0.6,"{""bridal_dress"": 53204, ""groom_dress"": 53204, ""furniture"": 70938, ""electronics"": 53204, ""jewelry"": 88673, ""kitchen_items"": 63845, ""decoration"": 22168, ""miscellaneous"": 15961}"
USR-126,230000,980000,200000,7,3,3,10,"[27, 21, 10]",Low,High,High,Low,Medium,Low,Medium,High,590400,551261,0.6,"{""bridal_dress"": 72146, ""groom_dress"": 72146, ""furniture"": 144293, ""electronics"": 72146, ""jewelry"": 120244, ""kitchen_items"": 57717, ""decoration"": 30061, ""miscellaneous"": 21643}"
USR-127,165000,1100000,150000,8,1,4,18,"[28, 23, 18, 18]",Medium,Medium,Medium,High,High,Medium,High,High,471000,503186,0.5,"{""bridal_dress"": 65055, ""groom_dress"": 43370, ""furniture"": 86740, ""electronics"": 78066, ""jewelry"": 104088, ""kitchen_items"": 52044, ""decoration"": 26022, ""miscellaneous"": 15613}"
USR-128,210000,1140000,0,4,0,2,23,"[28, 23]",Low,Medium,High,Medium,Low,Low,Low,Low,775200,730806,0.85,"{""bridal_dress"": 100025, ""groom_dress"": 83354, ""furniture"": 200051, ""electronics"": 125032, ""jewelry"": 133367, ""kitchen_items"": 80020, ""decoration"": 33341, ""miscellaneous"": 20005}"
USR-129,275000,550000,0,7,2,3,10,"[23, 12, 10]",Low,High,Low,Low,High,Medium,Medium,High,264000,230040,0.6,"{""bridal_dress"": 32795, ""groom_dress"": 32795, ""furniture"": 43726, ""electronics"": 32795, ""jewelry"": 65590, ""kitchen_items"": 32795, ""decoration"": 13664, ""miscellaneous"": 9838}"
USR-130,180000,1960000,150000,11,2,1,14,[14],Low,Medium,Medium,Low,Medium,Low,Medium,Medium,912600,834779,0.9,"{""bridal_dress"": 119554, ""groom_dress"": 99628, ""furniture"": 199257, ""electronics"": 119554, ""jewelry"": 199257, ""kitchen_items"": 95643, ""decoration"": 49814, ""miscellaneous"": 29888}"
USR-131,170000,1770000,50000,12,2,2,20,"[20, 20]",Low,Medium,Low,High,Low,Medium,Low,Medium,692800,725180,0.8,"{""bridal_dress"": 91358, ""groom_dress"": 76131, ""furniture"": 121810, ""electronics"": 137037, ""jewelry"": 121810, ""kitchen_items"": 91358, ""decoration"": 30452, ""miscellaneous"": 22839}"
USR-132,175000,700000,0,10,3,3,21,"[27, 24, 21]",High,Medium,Low,Medium,Low,High,High,Low,363999,371829,0.65,"{""bridal_dress"": 66993, ""groom_dress"": 37218, ""furniture"": 59549, ""electronics"": 55828, ""jewelry"": 59549, ""kitchen_items"": 53594, ""decoration"": 22331, ""miscellaneous"": 8932}"
USR-133,230000,380000,100000,9,2,2,16,"[19, 16]",Medium,Medium,Medium,Low,Low,Medium,High,High,303000,389330,0.75,"{""bridal_dress"": 48044, ""groom_dress"": 32029, ""furniture"": 64059, ""electronics"": 38435, ""jewelry"": 51247, ""kitchen_items"": 38435, ""decoration"": 19217, ""miscellaneous"": 11530}"
USR-134,160000,1540000,0,12,0,3,13,"[20, 17, 13]",Medium,High,Low,High,Low,Medium,High,High,460800,485754,0.6,"{""bridal_dress"": 70101, ""groom_dress"": 56081, ""furniture"": 74774, ""electronics"": 84121, ""jewelry"": 74774, ""kitchen_items"": 56081, ""decoration"": 28040, ""miscellaneous"": 16824}"
USR-135,245000,870000,200000,11,0,1,17,[17],High,Medium,Medium,Medium,Medium,High,High,Medium,806400,612758,0.9,"{""bridal_dress"": 136421, ""groom_dress"": 75789, ""furniture"": 151578, ""electronics"": 113684, ""jewelry"": 151578, ""kitchen_items"": 109136, ""decoration"": 45473, ""miscellaneous"": 22736}"
USR-136,45000,1040000,0,11,0,2,17,"[21, 17]",High,Low,Low,High,High,Low,Medium,Medium,162000,172829,0.75,"{""bridal_dress"": 28700, ""groom_dress"": 12755, ""furniture"": 25511, ""electronics"": 28700, ""jewelry"": 38267, ""kitchen_items"": 15307, ""decoration"": 7972, ""miscellaneous"": 4783}"
USR-137,260000,1540000,50000,8,1,3,18,"[28, 24, 18]",Medium,Medium,High,Medium,Medium,High,Low,Low,833299,1082357,0.65,"{""bridal_dress"": 119269, ""groom_dress"": 79513, ""furniture"": 190831, ""electronics"": 119269, ""jewelry"": 159026, ""kitchen_items"": 114499, ""decoration"": 31805, ""miscellaneous"": 19083}"
USR-138,210000,1630000,0,10,3,2,10,"[13, 10]",Low,Medium,Medium,High,Low,Low,Medium,High,756000,942621,0.75,"{""bridal_dress"": 96305, ""groom_dress"": 80254, ""furniture"": 160509, ""electronics"": 144458, ""jewelry"": 128407, ""kitchen_items"": 77044, ""decoration"": 40127, ""miscellaneous"": 28891}"
USR-139,200000,1510000,0,8,0,3,11,"[27, 20, 11]",Low,Medium,Low,Low,Medium,Low,High,Medium,576000,521384,0.6,"{""bridal_dress"": 78013, ""groom_dress"": 65011, ""furniture"": 104018, ""electronics"": 78013, ""jewelry"": 130022, ""kitchen_items"": 62410, ""decoration"": 39006, ""miscellaneous"": 19503}"
USR-140,180000,1890000,100000,9,3,1,27,[27],High,Low,Medium,Low,Medium,Medium,Low,High,964000,705014,1.0,"{""bridal_dress"": 177786, ""groom_dress"": 79016, ""furniture"": 197540, ""electronics"": 118524, ""jewelry"": 197540, ""kitchen_items"": 118524, ""decoration"": 39508, ""miscellaneous"": 35557}"
USR-141,245000,300000,100000,4,1,2,16,"[22, 16]",Low,Medium,Low,Low,Low,High,High,Low,255000,298535,0.75,"{""bridal_dress"": 34459, ""groom_dress"": 28716, ""furniture"": 45945, ""electronics"": 34459, ""jewelry"": 45945, ""kitchen_items"": 41351, ""decoration"": 17229, ""miscellaneous"": 6891}"
USR-142,45000,420000,200000,11,3,1,10,[10],Low,Low,Low,High,Low,High,High,High,374400,371383,0.9,"{""bridal_dress"": 47795, ""groom_dress"": 31863, ""furniture"": 63727, ""electronics"": 71693, ""jewelry"": 63727, ""kitchen_items"": 57354, ""decoration"": 23897, ""miscellaneous"": 14338}"
USR-143,235000,1400000,0,10,1,2,19,"[25, 19]",Low,Low,Low,Medium,Low,High,Low,Medium,895999,1135601,0.8,"{""bridal_dress"": 121628, ""groom_dress"": 81085, ""furniture"": 162171, ""electronics"": 152036, ""jewelry"": 162171, ""kitchen_items"": 145954, ""decoration"": 40542, ""miscellaneous"": 30407}"
USR-144,105000,460000,0,10,3,1,20,[20],Medium,High,High,High,Medium,Low,Medium,Low,349600,282757,0.95,"{""bridal_dress"": 49471, ""groom_dress"": 39577, ""furniture"": 79154, ""electronics"": 59366, ""jewelry"": 65962, ""kitchen_items"": 31661, ""decoration"": 16490, ""miscellaneous"": 7915}"
USR-145,210000,640000,200000,5,2,2,15,"[16, 15]",Medium,Medium,Low,Medium,Low,High,Low,High,534000,395336,0.75,"{""bridal_dress"": 85212, ""groom_dress"": 56808, ""furniture"": 90893, ""electronics"": 85212, ""jewelry"": 90893, ""kitchen_items"": 81804, ""decoration"": 22723, ""miscellaneous"": 20451}"
USR-146,250000,260000,50000,7,1,3,16,"[19, 18, 16]",High,Low,High,Low,Low,Low,High,Low,154800,117645,0.6,"{""bridal_dress"": 29024, ""groom_dress"": 12900, ""furniture"": 38699, ""electronics"": 19349, ""jewelry"": 25800, ""kitchen_items"": 15479, ""decoration"": 9674, ""miscellaneous"": 3869}"
USR-147,215000,600000,100000,7,3,3,12,"[17, 13, 12]",High,High,Medium,Medium,Low,High,Medium,High,348000,361019,0.6,"{""bridal_dress"": 60230, ""groom_dress"": 40153, ""furniture"": 66923, ""electronics"": 50192, ""jewelry"": 53538, ""kitchen_items"": 48184, ""decoration"": 16730, ""miscellaneous"": 12046}"
USR-148,75000,1760000,100000,10,2,2,22,"[27, 22]",Medium,Low,High,Medium,High,Medium,Medium,High,367999,345568,0.8,"{""bridal_dress"": 51782, ""groom_dress"": 27617, ""furniture"": 82851, ""electronics"": 51782, ""jewelry"": 82851, ""kitchen_items"": 41425, ""decoration"": 17260, ""miscellaneous"": 12427}"
USR-149,220000,970000,50000,6,1,1,13,[13],Medium,Medium,Low,High,Medium,Medium,Low,Low,743400,661100,0.9,"{""bridal_dress"": 114486, ""groom_dress"": 76324, ""furniture"": 122119, ""electronics"": 137383, ""jewelry"": 152648, ""kitchen_items"": 91589, ""decoration"": 30529, ""miscellaneous"": 18317}"
USR-150,60000,640000,200000,6,3,1,21,[21],High,Medium,Low,High,Low,Low,High,Medium,463600,353930,0.95,"{""bridal_dress"": 86385, ""groom_dress"": 47991, ""furniture"": 76786, ""electronics"": 86385, ""jewelry"": 76786, ""kitchen_items"": 46072, ""decoration"": 28795, ""miscellaneous"": 14397}"
